{
  "project_info": {
    "project_number": "74890337806",
    "project_id": "ivam-dev",
    "storage_bucket": "ivam-dev.appspot.com"
  },
  "client": [
    {
      "client_info": {
        "mobilesdk_app_id": "1:74890337806:android:0dcf6e84d889110df2e65f",
        "android_client_info": {
          "package_name": "dev.scpp.saca.gala"
        }
      },
      "oauth_client": [
        {
          "client_id": "74890337806-8s7jbjjjs8t9o4ha7auvmu1l1vhro063.apps.googleusercontent.com",
          "client_type": 3
        }
      ],
      "api_key": [
        {
          "current_key": "AIzaSyDfdof-JSIfM8UG_fbSETtwqCBKTJblgO8"
        }
      ],
      "services": {
        "appinvite_service": {
          "other_platform_oauth_client": [
            {
              "client_id": "74890337806-8s7jbjjjs8t9o4ha7auvmu1l1vhro063.apps.googleusercontent.com",
              "client_type": 3
            },
            {
              "client_id": "74890337806-0bpb9cfjhoeh6ac9jf3b5f01i5lv8fc8.apps.googleusercontent.com",
              "client_type": 2,
              "ios_info": {
                "bundle_id": "dev.scpp.gala"
              }
            }
          ]
        }
      }
    },
    {
      "client_info": {
        "mobilesdk_app_id": "1:74890337806:android:690a4cb1de1a02b7f2e65f",
        "android_client_info": {
          "package_name": "io.ionic.starter"
        }
      },
      "oauth_client": [
        {
          "client_id": "74890337806-r3dqb1966cen4qgrsubf48i4sj0idj0n.apps.googleusercontent.com",
          "client_type": 1,
          "android_info": {
            "package_name": "io.ionic.starter",
            "certificate_hash": "527dbebf3ce698c57e0a957a9238d628a9dd97f5"
          }
        },
        {
          "client_id": "74890337806-8s7jbjjjs8t9o4ha7auvmu1l1vhro063.apps.googleusercontent.com",
          "client_type": 3
        }
      ],
      "api_key": [
        {
          "current_key": "AIzaSyDfdof-JSIfM8UG_fbSETtwqCBKTJblgO8"
        }
      ],
      "services": {
        "appinvite_service": {
          "other_platform_oauth_client": [
            {
              "client_id": "74890337806-8s7jbjjjs8t9o4ha7auvmu1l1vhro063.apps.googleusercontent.com",
              "client_type": 3
            },
            {
              "client_id": "74890337806-0bpb9cfjhoeh6ac9jf3b5f01i5lv8fc8.apps.googleusercontent.com",
              "client_type": 2,
              "ios_info": {
                "bundle_id": "dev.scpp.gala"
              }
            }
          ]
        }
      }
    }
  ],
  "configuration_version": "1"
}